"lotno","partname","mainlot","inspection_no","first_input_qty","input_date","input_process_code","last_output_qty","completed_date","product_group","product","last_nc_no","nc_rank","nc_issue_date","nc_state","nc_defect_rate","nc_defect_name","total_nc","created_at","updated_at","semi_fg_lotno"
LOTMT0273,"4DSACE803227","","",9576,2025-10-02 00:00:00.000,"1",6000,2025-10-17 00:35:00.000,,,NCR20251005-00048,C,2025-10-05,Stopped,"11.692417",Welding area dirty,2,2025-11-28 09:31:00.000,,""
LOTMT0976,"4DSACE803477","","",9576,2025-10-09 00:00:00.000,"1",6000,2025-12-03 13:19:00.000,,,NCR20251021-00374,B,2025-10-21,undefined,"100",LC Short chip,2,2025-12-11 09:20:00.000,2025-12-11 09:20:00.000,""
LOTMT0683,"6DSACE803337","","",5985,2025-10-08 00:00:00.000,"1",2500,2025-11-10 13:22:00.000,,,NCR20251022-00306,B,2025-10-22,undefined,"100",LC Short chip,1,2025-12-11 09:20:00.000,2025-12-11 09:20:00.000,""
LOTMT1177,"4DSACE803477","","",9576,2025-10-15 00:00:00.000,"1",6000,2025-11-06 09:49:00.000,,,NCR20251027-00126,B,2025-10-27,undefined,"100",Total yield ratio lower spec (LC),1,2025-12-11 09:20:00.000,2025-12-11 09:20:00.000,""
LOTMT1191,"4DSACE803477","","",9576,2025-10-15 00:00:00.000,"1",3000,2025-11-04 10:50:00.000,,,NCR20251031-00402,B,2025-10-31,undefined,"100",Total yield ratio lower spec (ESR),1,2025-12-11 09:20:00.000,2025-12-11 09:20:00.000,""
LOTMT1219,"6DSACE803477","","",7980,2025-10-09 00:00:00.000,"1",5000,2025-11-24 10:17:00.000,,,NCR20251016-00340,B,2025-10-16,undefined,"100",Foil Burn,2,2025-12-11 09:20:00.000,2025-12-11 09:20:00.000,""
LOTMT1281,"3DSACE803226","","",11970,2025-10-17 00:00:00.000,"1",6000,2025-11-06 09:51:00.000,,,NCR20251031-00441,B,2025-10-31,undefined,"100",Total yield ratio lower spec (ESR),1,2025-12-11 09:20:00.000,2025-12-11 09:20:00.000,""
LOTMT1377,"6DSACE803227","","",7980,2025-10-18 00:00:00.000,"1",2500,2025-11-06 09:27:00.000,,,NCR20251027-00345,B,2025-10-27,undefined,"57.058977",Machine abnormal ,1,2025-12-11 09:20:00.000,2025-12-11 09:20:00.000,""
LOTMT0704,"4DSACE803477","","",9576,2025-10-08 00:00:00.000,"1",6000,2025-11-01 14:26:00.000,,,NCR20251024-00170,B,2025-10-24,undefined,"100",Total yield ratio lower spec (ESR),2,2025-12-11 09:20:00.000,2025-12-11 09:20:00.000,""
LOTMT1390,"4DSACE803477","","",9576,2025-10-17 00:00:00.000,"1",3000,2025-11-06 09:25:00.000,,,NCR20251029-00181,B,2025-10-29,undefined,"100",Total yield ratio lower spec (ESR),1,2025-12-11 09:20:00.000,2025-12-11 09:20:00.000,""
LOTMT1407,"4DSACE803477","","",9576,2025-10-17 00:00:00.000,"1",6000,2025-12-02 17:02:00.000,,,NCR20251028-00182,B,2025-10-28,undefined,"100",LC Short chip,2,2025-12-11 09:20:00.000,2025-12-11 09:20:00.000,""
LOTMT1414,"4DSACE803336","","",9576,2025-10-19 00:00:00.000,"1",6000,2025-11-06 10:31:00.000,,,NCR20251030-00433,B,2025-10-30,undefined,"100",Total yield ratio lower spec (LC),1,2025-12-11 09:20:00.000,2025-12-11 09:20:00.000,""
LOTMT1429,"6DSACE803477","","",7980,2025-10-17 00:00:00.000,"1",5000,2025-11-02 05:28:00.000,,,NCR20251027-00131,B,2025-10-27,undefined,"100",LC Short chip,1,2025-12-11 09:20:00.000,2025-12-11 09:20:00.000,""
LOTMT1482,"4DSACE803477","","",9576,2025-10-17 00:00:00.000,"1",3000,2025-11-06 10:19:00.000,,,NCR20251029-00182,B,2025-10-29,undefined,"100",Total yield ratio lower spec (ESR),1,2025-12-11 09:20:00.000,2025-12-11 09:20:00.000,""
LOTMT1515,"4DSACE803337","","",9576,2025-10-17 00:00:00.000,"1",6000,2025-11-06 10:29:00.000,,,NCR20251103-00215,B,2025-11-03,undefined,"100",Total yield ratio lower spec (CDF),1,2025-12-11 09:20:00.000,2025-12-11 09:20:00.000,""
LOTMT1517,"4DSACE803337","","",9576,2025-10-18 00:00:00.000,"1",6000,2025-11-08 09:48:00.000,,,NCR20251104-00143,B,2025-11-04,undefined,"100",LC Short chip,1,2025-12-11 09:20:00.000,2025-12-11 09:20:00.000,""
LOTMT1557,"4DSACE803477","","",9576,2025-10-18 00:00:00.000,"1",6000,2025-11-12 18:47:00.000,,,NCR20251104-00279,B,2025-11-04,undefined,"100",LC Short chip,1,2025-12-11 09:20:00.000,2025-12-11 09:20:00.000,""
LOTMT1580,"6DSACE803477","","",7980,2025-10-18 00:00:00.000,"1",5000,2025-11-19 08:43:00.000,,,NCR20251027-00129,B,2025-10-27,undefined,"100",LC Short chip,1,2025-12-11 09:20:00.000,2025-12-11 09:20:00.000,""
LOTMT1595,"4DSACE803336","","",9576,2025-10-20 00:00:00.000,"1",6000,2025-11-06 12:59:00.000,,,NCR20251031-00474,B,2025-10-31,undefined,"100",Total yield ratio lower spec (CDF),1,2025-12-11 09:20:00.000,2025-12-11 09:20:00.000,""
LOTMT1609,"4DSACE803227","","",9576,2025-10-19 00:00:00.000,"1",6000,2025-11-08 09:54:00.000,,,NCR20251031-00400,B,2025-10-31,undefined,"100",Total yield ratio lower spec (CDF),1,2025-12-11 09:20:00.000,2025-12-11 09:20:00.000,""
LOTMT1647,"6DSACE803477","","",7980,2025-10-18 00:00:00.000,"1",5000,2025-11-10 13:34:00.000,,,NCR20251028-00404,B,2025-10-28,undefined,"100",LC Short chip,1,2025-12-11 09:20:00.000,2025-12-11 09:20:00.000,""
LOTMT1742,"3DSACE803226","","",11970,2025-10-22 00:00:00.000,"1",6000,2025-11-14 13:57:00.000,,,NCR20251111-00216,B,2025-11-11,undefined,"100",Total yield ratio lower spec (ESR),1,2025-12-11 09:20:00.000,2025-12-11 09:20:00.000,""
LOTMT1773,"4DSACE803477","","",9576,2025-10-20 00:00:00.000,"1",6000,2025-11-14 11:02:00.000,,,NCR20251031-00167,B,2025-10-31,undefined,"100",LC Short chip,1,2025-12-11 09:20:00.000,2025-12-11 09:20:00.000,""
LOTMT1774,"4DSACE803477","","",9576,2025-10-20 00:00:00.000,"1",6000,2025-11-17 12:58:00.000,,,NCR20251103-00109,B,2025-11-03,undefined,"100",LC Short chip,1,2025-12-11 09:20:00.000,2025-12-11 09:20:00.000,""
LOTMT1776,"4DSACE803477","","",9576,2025-10-19 00:00:00.000,"1",6000,2025-11-18 15:32:00.000,,,NCR20251028-00405,B,2025-10-28,undefined,"100",LC Short chip,1,2025-12-11 09:20:00.000,2025-12-11 09:20:00.000,""
LOTMT1789,"4DSACE803477","","",9576,2025-10-20 00:00:00.000,"1",6000,2025-11-14 11:00:00.000,,,NCR20251029-00369,B,2025-10-29,undefined,"100",Total yield ratio lower spec (ESR),1,2025-12-11 09:20:00.000,2025-12-11 09:20:00.000,""
LOTMT1796,"4DSACE803227","","",9576,2025-10-22 00:00:00.000,"1",6000,2025-11-05 07:44:00.000,,,NCR20251023-00418,B,2025-10-23,undefined,"10.023866",Polymer skip cycle,2,2025-12-11 09:20:00.000,2025-12-11 09:20:00.000,""
LOTMT1812,"6DSACE803477","","",7980,2025-10-20 00:00:00.000,"1",2500,2025-11-13 15:25:00.000,,,NCR20251029-00335,B,2025-10-29,undefined,"100",LC Short chip,1,2025-12-11 09:20:00.000,2025-12-11 09:20:00.000,""
LOTMT1847,"4DSACE803337","","",9576,2025-10-21 00:00:00.000,"1",6000,2025-11-05 11:33:00.000,,,NCR20251103-00103,B,2025-11-03,undefined,"100",Total yield ratio lower spec (CDF),1,2025-12-11 09:20:00.000,2025-12-11 09:20:00.000,""
LOTMT1880,"4DSACE803477","","",9576,2025-10-22 00:00:00.000,"1",6000,2025-11-22 03:30:00.000,,,NCR20251118-00441,B,2025-11-18,undefined,"100",LC Short chip,1,2025-12-11 09:20:00.000,2025-12-11 09:20:00.000,""
LOTMT1881,"4DSACE803477","","",9576,2025-10-22 00:00:00.000,"1",6000,2025-11-17 14:14:00.000,,,NCR20251106-00248,B,2025-11-06,undefined,"100",LC Short chip,1,2025-12-11 09:20:00.000,2025-12-11 09:20:00.000,""
LOTMT1886,"4DSACE803477","","",9576,2025-10-21 00:00:00.000,"1",6000,2025-11-12 18:44:00.000,,,NCR20251030-00416,B,2025-10-30,undefined,"100",LC Short chip,1,2025-12-11 09:20:00.000,2025-12-11 09:20:00.000,""
LOTMT1895,"4DSACE803477","","",9576,2025-10-22 00:00:00.000,"1",3000,2025-11-06 10:11:00.000,,,NCR20251103-00158,B,2025-11-03,undefined,"100",Total yield ratio lower spec (ESR),1,2025-12-11 09:20:00.000,2025-12-11 09:20:00.000,""
LOTMT1896,"4DSACE803477","","",9576,2025-10-22 00:00:00.000,"1",6000,2025-11-05 13:00:00.000,,,NCR20251103-00124,B,2025-11-03,undefined,"100",Total yield ratio lower spec (ESR),1,2025-12-11 09:20:00.000,2025-12-11 09:20:00.000,""
LOTMT1908,"4DSACE803336","","",9576,2025-10-23 00:00:00.000,"1",3000,2025-11-19 11:09:00.000,,,NCR20251106-00426,B,2025-11-06,undefined,"15.822728",Machine abnormal ,1,2025-12-11 09:20:00.000,2025-12-11 09:20:00.000,""
LOTMT1916,"6DSACE803477","","",7980,2025-10-21 00:00:00.000,"1",5000,2025-11-06 10:17:00.000,,,NCR20251029-00340,B,2025-10-29,undefined,"100",LC Short chip,1,2025-12-11 09:20:00.000,2025-12-11 09:20:00.000,""
LOTMT1953,"4DSACE803477","","",9576,2025-10-20 00:00:00.000,"1",6000,2025-11-12 16:47:00.000,,,NCR20251031-00170,B,2025-10-31,undefined,"100",LC Short chip,1,2025-12-11 09:20:00.000,2025-12-11 09:20:00.000,""
LOTMT1985,"4DSACE803337","","",9576,2025-10-22 00:00:00.000,"1",6000,2025-11-08 09:50:00.000,,,NCR20251105-00467,B,2025-11-05,undefined,"100",Total yield ratio lower spec (ESR),1,2025-12-11 09:20:00.000,2025-12-11 09:20:00.000,""
LOTMT1991,"4DSACE803336","","",9576,2025-10-23 00:00:00.000,"1",6000,2025-11-06 10:21:00.000,,,NCR20251103-00332,B,2025-11-03,undefined,"100",Total yield ratio lower spec (CDF),1,2025-12-11 09:20:00.000,2025-12-11 09:20:00.000,""
LOTMT1997,"6DSACE803227","","",7980,2025-10-23 00:00:00.000,"1",5000,2025-11-01 18:43:00.000,,,NCR20251025-00037,B,2025-10-25,undefined,"10.015898",Polymer skip cycle,1,2025-12-11 09:20:00.000,2025-12-11 09:20:00.000,""
LOTMT2025,"4DSACE803477","","",9576,2025-10-23 00:00:00.000,"1",6000,2025-11-17 12:50:00.000,,,NCR20251104-00142,B,2025-11-04,undefined,"100",LC Short chip,1,2025-12-11 09:20:00.000,2025-12-11 09:20:00.000,""
LOTMT2032,"4DSACE803477","","",9576,2025-10-23 00:00:00.000,"1",6000,2025-11-05 12:35:00.000,,,NCR20251103-00100,B,2025-11-03,undefined,"100",Total yield ratio lower spec (ESR),1,2025-12-11 09:20:00.000,2025-12-11 09:20:00.000,""
LOTMT2034,"4DSACE803477","","",9576,2025-10-22 00:00:00.000,"1",3000,2025-11-18 12:39:00.000,,,NCR20251104-00248,B,2025-11-04,undefined,"100",Total yield ratio lower spec (ESR),2,2025-12-11 09:20:00.000,2025-12-11 09:20:00.000,""
LOTMT2055,"6DSACE803477","","",7980,2025-10-22 00:00:00.000,"1",2500,2025-11-12 18:54:00.000,,,NCR20251104-00139,B,2025-11-04,undefined,"100",LC Short chip,2,2025-12-11 09:20:00.000,2025-12-11 09:20:00.000,""
LOTMT2057,"6DSACE803477","","",7980,2025-10-23 00:00:00.000,"1",2500,2025-11-19 13:08:00.000,,,NCR20251031-00173,B,2025-10-31,undefined,"44.726811",Product  abnormal ,1,2025-12-11 09:20:00.000,2025-12-11 09:20:00.000,""
LOTMT2071,"6DSACE803227","","",7980,2025-10-24 00:00:00.000,"1",5000,2025-11-13 18:45:00.000,,,NCR20251103-00111,B,2025-11-03,undefined,"100",LC Short chip,1,2025-12-11 09:20:00.000,2025-12-11 09:20:00.000,""
LOTMT2089,"4DSACE803107","","",11970,2025-10-25 00:00:00.000,"1",9000,2025-11-10 13:01:00.000,,,NCR20251106-00264,B,2025-11-06,undefined,"100",Total yield ratio lower spec (LC),1,2025-12-11 09:20:00.000,2025-12-11 09:20:00.000,""
LOTMT2095,"4DSACE803227","","",9576,2025-10-24 00:00:00.000,"1",6000,2025-11-11 04:01:00.000,,,NCR20251026-00045,B,2025-10-26,undefined,"20.038503",Polymer skip cycle,1,2025-12-11 09:20:00.000,2025-12-11 09:20:00.000,""
LOTMT2097,"4DSACE803477","","",9576,2025-10-24 00:00:00.000,"1",6000,2025-11-12 18:56:00.000,,,NCR20251104-00254,B,2025-11-04,undefined,"100",LC Short chip,1,2025-12-11 09:20:00.000,2025-12-11 09:20:00.000,""
LOTMT2099,"4DSACE803477","","",9576,2025-10-24 00:00:00.000,"1",6000,2025-11-11 12:58:00.000,,,NCR20251103-00127,B,2025-11-03,undefined,"100",Total yield ratio lower spec (ESR),2,2025-12-11 09:20:00.000,2025-12-11 09:20:00.000,""
LOTMT2115,"4DSACE803227","","",9576,2025-10-25 00:00:00.000,"1",6000,2025-11-06 10:25:00.000,,,NCR20251103-00282,B,2025-11-03,undefined,"100",Total yield ratio lower spec (CDF),1,2025-12-11 09:20:00.000,2025-12-11 09:20:00.000,""
LOTMT2117,"4DSACE803336","","",9576,2025-10-24 00:00:00.000,"1",6000,2025-11-13 13:34:00.000,,,NCR20251110-00333,B,2025-11-10,undefined,"100",Total yield ratio lower spec (CDF),1,2025-12-11 09:20:00.000,2025-12-11 09:20:00.000,""
LOTMT2132,"6DSACE803477","","",7980,2025-10-23 00:00:00.000,"1",5000,2025-11-08 12:43:00.000,,,NCR20251104-00140,B,2025-11-04,undefined,"100",LC Short chip,1,2025-12-11 09:20:00.000,2025-12-11 09:20:00.000,""
LOTMT2154,"4DSACE803337","","",9576,2025-10-25 00:00:00.000,"1",6000,2025-11-17 13:52:00.000,,,NCR20251105-00250,B,2025-11-05,undefined,"100",LC Short chip,1,2025-12-11 09:20:00.000,2025-12-11 09:20:00.000,""
LOTMT2161,"4DSACE803336","","",9576,2025-10-25 00:00:00.000,"1",6000,2025-11-10 13:08:00.000,,,NCR20251106-00423,B,2025-11-06,undefined,"100",Total yield ratio lower spec (CDF),1,2025-12-11 09:20:00.000,2025-12-11 09:20:00.000,""
LOTMT2178,"4DSACE803477","","",9576,2025-10-24 00:00:00.000,"1",3000,2025-11-11 17:06:00.000,,,NCR20251104-00247,B,2025-11-04,undefined,"100",Total yield ratio lower spec (ESR),2,2025-12-11 09:20:00.000,2025-12-11 09:20:00.000,""
LOTMT2291,"6DSACE803227","","",7980,2025-10-27 00:00:00.000,"1",5000,2025-11-17 13:00:00.000,,,NCR20251107-00140,B,2025-11-07,undefined,"100",LC Short chip,1,2025-12-11 09:20:00.000,2025-12-11 09:20:00.000,""
LOTMT2305,"4DSACE803227","","",9576,2025-10-26 00:00:00.000,"1",6000,2025-11-06 12:57:00.000,,,NCR20251105-00271,B,2025-11-05,undefined,"100",Total yield ratio lower spec (CDF),1,2025-12-11 09:20:00.000,2025-12-11 09:20:00.000,""
LOTMT2312,"4DSACE803477","","",9576,2025-10-26 00:00:00.000,"1",6000,2025-11-12 18:42:00.000,,,NCR20251104-00253,B,2025-11-04,undefined,"100",LC Short chip,1,2025-12-11 09:20:00.000,2025-12-11 09:20:00.000,""
LOTMT2317,"4DSACE803477","","",9576,2025-10-27 00:00:00.000,"1",6000,2025-12-03 10:48:00.000,,,NCR20251110-00223,B,2025-11-10,undefined,"100",LC Short chip,2,2025-12-11 09:20:00.000,2025-12-11 09:20:00.000,""
LOTMT2319,"4DSACE803477","","",9576,2025-10-24 00:00:00.000,"1",3000,2025-12-09 17:46:00.000,,,NCR20251107-00139,B,2025-11-07,undefined,"100",LC Short chip,2,2025-12-11 09:20:00.000,2025-12-11 09:20:00.000,""
LOTMT2329,"4DSACE803336","","",9576,2025-10-29 00:00:00.000,"1",6000,2025-11-21 15:35:00.000,,,NCR20251104-00340,B,2025-11-04,undefined,"100",Total yield ratio lower spec (LC),1,2025-12-11 09:20:00.000,2025-12-11 09:20:00.000,""
LOTMT2344,"6DSACE803227","","",7980,2025-10-27 00:00:00.000,"1",7500,2025-11-08 09:45:00.000,,,NCR20251104-00141,B,2025-11-04,undefined,"100",LC Short chip,1,2025-12-11 09:20:00.000,2025-12-11 09:20:00.000,""
LOTMT2350,"4DSACE803227","","",9576,2025-10-29 00:00:00.000,"1",6000,2025-11-12 10:41:00.000,,,NCR20251110-00147,B,2025-11-10,undefined,"100",Total yield ratio lower spec (CDF),1,2025-12-11 09:20:00.000,2025-12-11 09:20:00.000,""
LOTMT2352,"4DSACE803227","","",9576,2025-10-29 00:00:00.000,"1",6000,2025-11-17 15:58:00.000,,,NCR20251110-00329,B,2025-11-10,undefined,"100",LC Short chip,1,2025-12-11 09:20:00.000,2025-12-11 09:20:00.000,""
LOTMT2354,"3DSACE803476","","",11970,2025-10-28 00:00:00.000,"1",9000,2025-11-10 13:26:00.000,,,NCR20251106-00421,B,2025-11-06,undefined,"100",Total yield ratio lower spec (CDF),1,2025-12-11 09:20:00.000,2025-12-11 09:20:00.000,""
LOTMT2364,"4DSACE803107","","",11970,2025-10-29 00:00:00.000,"1",9000,2025-11-14 13:54:00.000,,,NCR20251107-00204,B,2025-11-07,undefined,"100",LC Short chip,1,2025-12-11 09:20:00.000,2025-12-11 09:20:00.000,""
LOTMT2371,"4DSACE803477","","",9576,2025-10-29 00:00:00.000,"1",6000,2025-11-17 12:44:00.000,,,NCR20251106-00339,B,2025-11-06,undefined,"100",LC Short chip,1,2025-12-11 09:20:00.000,2025-12-11 09:20:00.000,""
LOTMT2372,"4DSACE803477","","",9576,2025-10-28 00:00:00.000,"1",6000,2025-11-28 17:39:00.000,,,NCR20251125-00240,B,2025-11-25,undefined,"100",Total yield ratio lower spec (CDF),1,2025-12-11 09:20:00.000,2025-12-11 09:20:00.000,""
LOTMT2384,"4DSACE803227","","",9576,2025-10-29 00:00:00.000,"1",6000,2025-11-10 13:37:00.000,,,NCR20251106-00295,B,2025-11-06,undefined,"100",Total yield ratio lower spec (CDF),1,2025-12-11 09:20:00.000,2025-12-11 09:20:00.000,""
LOTMT2433,"4DSACE803337","","",9576,2025-10-28 00:00:00.000,"1",6000,2025-11-17 17:04:00.000,,,NCR20251110-00219,B,2025-11-10,undefined,"100",LC Short chip,1,2025-12-11 09:20:00.000,2025-12-11 09:20:00.000,""
LOTMT2437,"4DSACE803337","","",9576,2025-10-28 00:00:00.000,"1",6000,2025-11-12 12:53:00.000,,,NCR20251107-00240,B,2025-11-07,undefined,"100",Total yield ratio lower spec (ESR),1,2025-12-11 09:20:00.000,2025-12-11 09:20:00.000,""
LOTMT2512,"6DSACE803477","","",7980,2025-10-29 00:00:00.000,"1",5000,2025-11-13 17:52:00.000,,,NCR20251107-00142,B,2025-11-07,undefined,"100",LC Short chip,1,2025-12-11 09:20:00.000,2025-12-11 09:20:00.000,""
LOTMT2564,"4DSACE803337","","",9576,2025-10-30 00:00:00.000,"1",6000,2025-11-26 12:58:00.000,,,NCR20251111-00233,B,2025-11-11,undefined,"100",Total yield ratio lower spec (ESR),2,2025-12-11 09:20:00.000,2025-12-11 09:20:00.000,""
LOTMT2624,"4DSACE803336","","",9576,2025-11-01 00:00:00.000,"1",3000,2025-11-17 14:42:00.000,,,NCR20251111-00225,B,2025-11-11,undefined,"100",Total yield ratio lower spec (LC),1,2025-12-11 09:20:00.000,2025-12-11 09:20:00.000,""
LOTMT2628,"6DSACE803477","","",7980,2025-10-31 00:00:00.000,"1",5000,2025-11-19 10:34:00.000,,,NCR20251107-00143,B,2025-11-07,undefined,"100",LC Short chip,1,2025-12-11 09:20:00.000,2025-12-11 09:20:00.000,""
LOTMT2641,"4DSACE803336","","",9576,2025-10-30 00:00:00.000,"1",6000,2025-11-29 03:17:00.000,,,NCR20251118-00185,B,2025-11-18,undefined,"100",Total yield ratio lower spec (LC),1,2025-12-11 09:20:00.000,2025-12-11 09:20:00.000,""
LOTMT2672,"4DSACE803477","","",9576,2025-10-30 00:00:00.000,"1",6000,2025-11-17 15:23:00.000,,,NCR20251111-00254,B,2025-11-11,undefined,"100",LC Short chip,1,2025-12-11 09:20:00.000,2025-12-11 09:20:00.000,""
LOTMT2689,"4DSACE803336","","",9576,2025-10-31 00:00:00.000,"1",6000,2025-11-12 18:39:00.000,,,NCR20251110-00331,B,2025-11-10,undefined,"100",Total yield ratio lower spec (CDF),1,2025-12-11 09:20:00.000,2025-12-11 09:20:00.000,""
LOTMT2733,"4DSACE803337","","",9576,2025-10-31 00:00:00.000,"1",6000,2025-11-30 23:13:00.000,,,NCR20251117-00192,B,2025-11-17,undefined,"100",LC Short chip,2,2025-12-11 09:20:00.000,2025-12-11 09:20:00.000,""
LOTMT2770,"4DSACE803477","","",9576,2025-11-01 00:00:00.000,"1",6000,2025-12-02 17:04:00.000,,,NCR20251125-00290,B,2025-11-25,undefined,"100",LC Short chip,2,2025-12-11 09:20:00.000,2025-12-11 09:20:00.000,""
LOTMT2775,"4DSACE803477","","",9576,2025-11-01 00:00:00.000,"1",3000,2025-11-18 17:03:00.000,,,NCR20251114-00204,B,2025-11-14,undefined,"100",Total yield ratio lower spec (ESR),1,2025-12-11 09:20:00.000,2025-12-11 09:20:00.000,""
LOTMT2778,"4DSACE803477","","",9576,2025-11-02 00:00:00.000,"1",3000,2025-11-17 13:08:00.000,,,NCR20251111-00424,B,2025-11-11,undefined,"100",Total yield ratio lower spec (ESR),1,2025-12-11 09:20:00.000,2025-12-11 09:20:00.000,""
LOTMT2802,"6DSACE803477","","",7980,2025-10-28 00:00:00.000,"1",5000,2025-11-19 08:38:00.000,,,NCR20251104-00242,B,2025-11-04,undefined,"10.015898",Polymer skip cycle,1,2025-12-11 09:20:00.000,2025-12-11 09:20:00.000,""
LOTMT2885,"6DSACE803227","","",7980,2025-11-02 00:00:00.000,"1",5000,2025-11-25 23:10:00.000,,,NCR20251117-00116,B,2025-11-17,undefined,"100",LC Short chip,1,2025-12-11 09:20:00.000,2025-12-11 09:20:00.000,""
LOTMT2915,"4DSACE803477","","",9576,2025-11-03 00:00:00.000,"1",6000,2025-11-19 13:49:00.000,,,NCR20251114-00202,B,2025-11-14,undefined,"100",Total yield ratio lower spec (ESR),1,2025-12-11 09:20:00.000,2025-12-11 09:20:00.000,""
LOTMT2917,"4DSACE803477","","",9576,2025-11-02 00:00:00.000,"1",6000,2025-11-27 16:59:00.000,,,NCR20251111-00231,B,2025-11-11,undefined,"100",Total yield ratio lower spec (LC),2,2025-12-11 09:20:00.000,2025-12-11 09:20:00.000,""
LOTMT0004,"4DSACE803337","","",9576,2025-11-03 00:00:00.000,"1",6000,2025-11-18 16:58:00.000,,,NCR20251114-00315,B,2025-11-14,undefined,"100",Total yield ratio lower spec (ESR),1,2025-12-11 09:20:00.000,2025-12-11 09:20:00.000,""
LOTMT0020,"4DSACE803336","","",9576,2025-11-03 00:00:00.000,"1",6000,2025-11-18 17:07:00.000,,,NCR20251114-00205,B,2025-11-14,undefined,"100",Total yield ratio lower spec (CDF),1,2025-12-11 09:20:00.000,2025-12-11 09:20:00.000,""
LOTMT0021,"4DSACE803477","","",9576,2025-11-02 00:00:00.000,"1",3000,2025-11-27 05:40:00.000,,,NCR20251114-00313,B,2025-11-14,undefined,"100",Total yield ratio lower spec (ESR),2,2025-12-11 09:20:00.000,2025-12-11 09:20:00.000,""
LOTMT0025,"4DSACE803477","","",9576,2025-11-03 00:00:00.000,"1",6000,2025-11-18 15:20:00.000,,,NCR20251113-00179,B,2025-11-13,undefined,"100",LC Short chip,1,2025-12-11 09:20:00.000,2025-12-11 09:20:00.000,""
LOTMT0628,"6DSACE803337","","",5985,2025-10-08 00:00:00.000,"1",5000,2025-11-05 11:20:00.000,,,NCR20251023-00282,B,2025-10-23,undefined,"100",LC Short chip,1,2025-12-11 09:20:00.000,2025-12-11 09:20:00.000,""
LOTMT0034,"4DSACE803477","","",9576,2025-11-03 00:00:00.000,"1",6000,2025-11-17 12:38:00.000,,,NCR20251113-00191,B,2025-11-13,undefined,"100",LC Short chip,1,2025-12-11 09:20:00.000,2025-12-11 09:20:00.000,""
LOTMT0052,"4DSACE803336","","",9576,2025-11-03 00:00:00.000,"1",6000,2025-11-21 15:11:00.000,,,NCR20251113-00171,B,2025-11-13,undefined,"100",Total yield ratio lower spec (LC),2,2025-12-11 09:20:00.000,2025-12-11 09:20:00.000,""
LOTMT0105,"4DSACE803477","","",9576,2025-11-04 00:00:00.000,"1",6000,2025-11-24 16:07:00.000,,,NCR20251117-00131,B,2025-11-17,undefined,"100",LC Short chip,1,2025-12-11 09:20:00.000,2025-12-11 09:20:00.000,""
LOTMT0107,"4DSACE803107","","",11970,2025-11-04 00:00:00.000,"1",9000,2025-11-21 05:25:00.000,,,NCR20251113-00224,B,2025-11-13,undefined,"100",Total yield ratio lower spec (LC),2,2025-12-11 09:20:00.000,2025-12-11 09:20:00.000,""
LOTMT0119,"4DSACE803477","","",9576,2025-11-03 00:00:00.000,"1",6000,2025-11-26 18:28:00.000,,,NCR20251117-00188,B,2025-11-17,undefined,"100",LC Short chip,1,2025-12-11 09:20:00.000,2025-12-11 09:20:00.000,""
LOTMT0123,"4DSACE803477","","",9576,2025-11-04 00:00:00.000,"1",6000,2025-11-26 18:25:00.000,,,NCR20251117-00190,B,2025-11-17,undefined,"100",LC Short chip,1,2025-12-11 09:20:00.000,2025-12-11 09:20:00.000,""
LOTMT0125,"4DSACE803477","","",9576,2025-11-03 00:00:00.000,"1",3000,2025-12-03 10:43:00.000,,,NCR20251126-00193,B,2025-11-26,undefined,"100",Total yield ratio lower spec (ESR),1,2025-12-11 09:20:00.000,2025-12-11 09:20:00.000,""
LOTMT0127,"4DSACE803227","","",9576,2025-11-04 00:00:00.000,"1",6000,2025-12-05 12:44:00.000,,,NCR20251125-00218,B,2025-11-25,undefined,"100",Total yield ratio lower spec (LC),2,2025-12-11 09:20:00.000,2025-12-11 09:20:00.000,""
LOTMT0152,"4DSACE803337","","",9576,2025-11-04 00:00:00.000,"1",6000,2025-11-22 22:40:00.000,,,NCR20251117-00183,B,2025-11-17,undefined,"100",LC Short chip,1,2025-12-11 09:20:00.000,2025-12-11 09:20:00.000,""
LOTMT0175,"4DSACE803477","","",9576,2025-11-04 00:00:00.000,"1",6000,2025-11-26 18:15:00.000,,,NCR20251117-00129,B,2025-11-17,undefined,"100",LC Short chip,1,2025-12-11 09:20:00.000,2025-12-11 09:20:00.000,""
LOTMT0197,"4DSACE803477","","",9576,2025-11-04 00:00:00.000,"1",6000,2025-11-21 05:01:00.000,,,NCR20251117-00134,B,2025-11-17,undefined,"100",LC Short chip,1,2025-12-11 09:20:00.000,2025-12-11 09:20:00.000,""
LOTMT0211,"4DSACE803336","","",9576,2025-11-06 00:00:00.000,"1",6000,2025-11-21 15:20:00.000,,,NCR20251117-00215,B,2025-11-17,undefined,"100",Total yield ratio lower spec (LC),1,2025-12-11 09:20:00.000,2025-12-11 09:20:00.000,""
LOTMT0214,"4DSACE803336","","",9576,2025-11-06 00:00:00.000,"1",6000,2025-12-05 02:31:00.000,,,NCR20251124-00142,B,2025-11-24,undefined,"100",Total yield ratio lower spec (LC),1,2025-12-11 09:20:00.000,2025-12-11 09:20:00.000,""
LOTMT0227,"4DSACE803337","","",9576,2025-11-06 00:00:00.000,"1",9000,2025-11-25 16:47:00.000,,,NCR20251117-00295,B,2025-11-17,undefined,"100",LC Short chip,1,2025-12-11 09:20:00.000,2025-12-11 09:20:00.000,""
LOTMT0238,"6DSACE803477","","",5985,2025-11-06 00:00:00.000,"1",5000,2025-11-18 05:05:00.000,,,NCR20251107-00341,B,2025-11-07,undefined,"20.031797",Polymer skip cycle,1,2025-12-11 09:20:00.000,2025-12-11 09:20:00.000,""
LOTMT0254,"4DSACE803336","","",9576,2025-11-07 00:00:00.000,"1",6000,2025-11-25 09:23:00.000,,,NCR20251120-00381,B,2025-11-20,undefined,"100",Total yield ratio lower spec (CDF),1,2025-12-11 09:20:00.000,2025-12-11 09:20:00.000,""
LOTMT0278,"4DSACE803477","","",9576,2025-11-06 00:00:00.000,"1",6000,2025-11-28 18:00:00.000,,,NCR20251118-00228,B,2025-11-18,undefined,"100",LC Short chip,2,2025-12-11 09:20:00.000,2025-12-11 09:20:00.000,""
LOTMT0062,"4DSACE803477","","",9576,2025-11-02 00:00:00.000,"1",6000,2025-12-10 17:28:00.000,,,NCR20251117-00184,B,2025-11-17,Stopped,"100",LC Short chip,2,2025-12-11 14:45:00.000,2025-12-11 14:45:00.000,""
LOTMT0287,"4DSACE803336","","",9576,2025-11-07 00:00:00.000,"1",6000,2025-11-26 02:28:00.000,,,NCR20251120-00240,B,2025-11-20,undefined,"100",Total yield ratio lower spec (LC),1,2025-12-11 09:20:00.000,2025-12-11 09:20:00.000,""
LOTMT0303,"4DSACE803337","","",9576,2025-11-06 00:00:00.000,"1",9000,2025-11-26 02:43:00.000,,,NCR20251120-00238,B,2025-11-20,undefined,"100",LC Short chip,1,2025-12-11 09:20:00.000,2025-12-11 09:20:00.000,""
LOTMT0318,"4DSACE803227","","",9576,2025-11-07 00:00:00.000,"1",6000,2025-11-24 13:03:00.000,,,NCR20251120-00379,B,2025-11-20,undefined,"100",LC Short chip,1,2025-12-11 09:20:00.000,2025-12-11 09:20:00.000,""
LOTMT0319,"4DSACE803227","","",9576,2025-11-07 00:00:00.000,"1",6000,2025-11-28 02:28:00.000,,,NCR20251121-00170,B,2025-11-21,undefined,"100",Total yield ratio lower spec (LC),1,2025-12-11 09:20:00.000,2025-12-11 09:20:00.000,""
LOTMT0347,"4DSACE803477","","",9576,2025-11-07 00:00:00.000,"1",6000,2025-11-24 14:23:00.000,,,NCR20251120-00237,B,2025-11-20,undefined,"100",LC Short chip,1,2025-12-11 09:20:00.000,2025-12-11 09:20:00.000,""
LOTMT0474,"4DSACE803337","","",9576,2025-11-08 00:00:00.000,"1",6000,2025-12-04 15:24:00.000,,,NCR20251124-00078,B,2025-11-24,undefined,"100",LC Short chip,1,2025-12-11 09:20:00.000,2025-12-11 09:20:00.000,""
LOTMT0476,"4DSACE803337","","",9576,2025-11-08 00:00:00.000,"1",6000,2025-12-01 18:43:00.000,,,NCR20251122-00155,B,2025-11-22,undefined,"100",Total yield ratio lower spec (ESR),1,2025-12-11 09:20:00.000,2025-12-11 09:20:00.000,""
LOTMT0510,"4DSACE803107","","",11970,2025-11-08 00:00:00.000,"1",9000,2025-11-30 23:20:00.000,,,NCR20251119-00177,B,2025-11-19,undefined,"100",LC Short chip,1,2025-12-11 09:20:00.000,2025-12-11 09:20:00.000,""
LOTMT0513,"4DSACE803107","","",11970,2025-11-09 00:00:00.000,"1",9000,2025-12-04 02:37:00.000,,,NCR20251118-00224,B,2025-11-18,undefined,"100",Total yield ratio lower spec (LC),2,2025-12-11 09:20:00.000,2025-12-11 09:20:00.000,""
LOTMT0315,"4DSACE803477","","",9576,2025-09-04 00:00:00.000,"1",3000,2025-10-05 10:57:00.000,,,NCR20250918-00306,B,2025-09-18,Stopped,"100",Total yield ratio lower spec (ESR),3,2025-11-28 09:31:00.000,,""
LOTMT0914,"4DSACE803227","","",9576,2025-09-13 00:00:00.000,"1",6000,2025-10-09 18:13:00.000,,,NCR20251017-00149,A,2025-10-17,Lot Disposition,"100",Human error (mistake operation/skip process/etc ),2,2025-11-28 09:31:00.000,,""
LOTMT0580,"4DSACE803107","","",11970,2025-11-12 00:00:00.000,"1",9000,2025-11-27 02:42:00.000,,,NCR20251119-00227,B,2025-11-19,undefined,"100",Total yield ratio lower spec (LC),1,2025-12-11 09:20:00.000,2025-12-11 09:20:00.000,""
LOTMT0585,"4DSACE803477","","",9576,2025-11-10 00:00:00.000,"1",6000,2025-11-26 15:47:00.000,,,NCR20251120-00201,B,2025-11-20,undefined,"100",LC Short chip,1,2025-12-11 09:20:00.000,2025-12-11 09:20:00.000,""
LOTMT0654,"6DSACE803477","","",7980,2025-11-07 00:00:00.000,"1",2500,2025-12-02 11:37:00.000,,,NCR20251113-00366,B,2025-11-13,undefined,"100",Machine abnormal,2,2025-12-11 09:20:00.000,2025-12-11 09:20:00.000,""
LOTMT0655,"6DSACE803477","","",7980,2025-11-10 00:00:00.000,"1",2500,2025-12-01 10:38:00.000,,,NCR20251113-00366,B,2025-11-13,undefined,"100",Machine abnormal,3,2025-12-11 09:20:00.000,2025-12-11 09:20:00.000,""
LOTMT0768,"6DSACE803157","","",6840,2025-11-13 00:00:00.000,"1",2500,2025-12-02 12:29:00.000,,,NCR20251127-00246,B,2025-11-27,undefined,"100",Total yield ratio lower spec (LC),1,2025-12-11 09:20:00.000,2025-12-11 09:20:00.000,""
LOTMT0770,"6DSACE803157","","",6840,2025-11-13 00:00:00.000,"1",2500,2025-11-30 23:26:00.000,,,NCR20251126-00172,B,2025-11-26,undefined,"100",LC Short chip,1,2025-12-11 09:20:00.000,2025-12-11 09:20:00.000,""
LOTMT0641,"4DSACE803477","","",9576,2025-10-07 00:00:00.000,"1",6000,2025-11-05 10:43:00.000,,,NCR20251022-00206,B,2025-10-22,undefined,"100",LC Short chip,1,2025-12-11 09:20:00.000,2025-12-11 09:20:00.000,""
LOTMT0642,"4DSACE803477","","",9576,2025-10-07 00:00:00.000,"1",6000,2025-11-06 10:13:00.000,,,NCR20251030-00181,B,2025-10-30,undefined,"100",LC Short chip,1,2025-12-11 09:20:00.000,2025-12-11 09:20:00.000,""
LOTMT0836,"4DSACE803477","","",9576,2025-11-12 00:00:00.000,"1",6000,2025-11-28 17:45:00.000,,,NCR20251120-00204,B,2025-11-20,undefined,"100",LC Short chip,1,2025-12-11 09:20:00.000,2025-12-11 09:20:00.000,""
LOTMT0837,"4DSACE803477","","",9576,2025-11-13 00:00:00.000,"1",6000,2025-11-24 13:42:00.000,,,NCR20251120-00373,B,2025-11-20,undefined,"100",LC Short chip,1,2025-12-11 09:20:00.000,2025-12-11 09:20:00.000,""
LOTMT1086,"4DSACE803107","","",11970,2025-10-15 00:00:00.000,"1",9000,2025-11-01 00:49:00.000,,,NCR20251027-00136,B,2025-10-27,undefined,"100",LC Short chip,1,2025-12-11 09:20:00.000,2025-12-11 09:20:00.000,""
LOTMT0845,"4DSACE803477","","",9576,2025-11-12 00:00:00.000,"1",6000,2025-11-30 23:03:00.000,,,NCR20251121-00284,B,2025-11-21,undefined,"100",Total yield ratio lower spec (ESR),2,2025-12-11 09:20:00.000,2025-12-11 09:20:00.000,""
LOTMT0860,"3DSACE803226","","",11970,2025-11-14 00:00:00.000,"1",6000,2025-12-08 18:09:00.000,,,NCR20251128-00145,B,2025-11-28,undefined,"100",Total yield ratio lower spec (LC),2,2025-12-11 09:20:00.000,2025-12-11 09:20:00.000,""
LOTMT0909,"4DSACE803337","","",9576,2025-11-12 00:00:00.000,"1",6000,2025-12-03 09:54:00.000,,,NCR20251126-00167,B,2025-11-26,undefined,"100",LC Short chip,1,2025-12-11 09:20:00.000,2025-12-11 09:20:00.000,""
LOTMT0939,"4DSACE803477","","",9576,2025-11-13 00:00:00.000,"1",6000,2025-12-04 16:59:00.000,,,NCR20251124-00248,B,2025-11-24,undefined,"100",LC Short chip,1,2025-12-11 09:20:00.000,2025-12-11 09:20:00.000,""
LOTMT0948,"4DSACE803477","","",9576,2025-11-13 00:00:00.000,"1",6000,2025-12-04 07:39:00.000,,,NCR20251124-00069,B,2025-11-24,undefined,"100",LC Short chip,1,2025-12-11 09:20:00.000,2025-12-11 09:20:00.000,""
LOTMT0998,"6DSACE803337","","",5985,2025-11-15 00:00:00.000,"1",2500,2025-11-28 17:42:00.000,,,NCR20251124-00247,B,2025-11-24,undefined,"100",LC Short chip,1,2025-12-11 09:20:00.000,2025-12-11 09:20:00.000,""
LOTMT1013,"4DSACE803107","","",11970,2025-11-13 00:00:00.000,"1",9000,2025-12-04 02:42:00.000,,,NCR20251124-00122,B,2025-11-24,undefined,"100",LC Short chip,1,2025-12-11 09:20:00.000,2025-12-11 09:20:00.000,""
LOTMT0661,"4DSACE803227","","",9576,2025-10-08 00:00:00.000,"1",6000,2025-11-05 08:02:00.000,,,NCR20251027-00158,B,2025-10-27,undefined,"100",LC Short chip,1,2025-12-11 09:20:00.000,2025-12-11 09:20:00.000,""
LOTMT1039,"4DSACE803227","","",9576,2025-11-15 00:00:00.000,"1",6000,2025-12-05 15:17:00.000,,,NCR20251201-00167,B,2025-12-01,undefined,"100",Total yield ratio lower spec (LC),1,2025-12-11 09:20:00.000,2025-12-11 09:20:00.000,""
LOTMT1164,"4DSACE803337","","",9576,2025-11-16 00:00:00.000,"1",6000,2025-12-02 12:27:00.000,,,NCR20251127-00245,B,2025-11-27,undefined,"100",Total yield ratio lower spec (ESR),1,2025-12-11 09:20:00.000,2025-12-11 09:20:00.000,""
LOTMT1192,"4DSACE803107","","",11970,2025-11-16 00:00:00.000,"1",9000,2025-12-01 17:13:00.000,,,NCR20251125-00287,B,2025-11-25,undefined,"100",LC Short chip,1,2025-12-11 09:20:00.000,2025-12-11 09:20:00.000,""
LOTMT1202,"4DSACE803477","","",9576,2025-11-15 00:00:00.000,"1",6000,2025-12-05 18:34:00.000,,,NCR20251127-00233,B,2025-11-27,undefined,"100",LC Short chip,1,2025-12-11 09:20:00.000,2025-12-11 09:20:00.000,""
LOTMT1209,"4DSACE803477","","",9576,2025-11-16 00:00:00.000,"1",6000,2025-12-02 17:00:00.000,,,NCR20251125-00176,B,2025-11-25,undefined,"100",LC Short chip,2,2025-12-11 09:20:00.000,2025-12-11 09:20:00.000,""
LOTMT1229,"4DSACE803336","","",9576,2025-11-16 00:00:00.000,"1",6000,2025-12-05 02:48:00.000,,,NCR20251128-00148,B,2025-11-28,undefined,"100",Total yield ratio lower spec (LC),1,2025-12-11 09:20:00.000,2025-12-11 09:20:00.000,""
LOTMT1277,"4DSACE803477","","",9576,2025-11-16 00:00:00.000,"1",6000,2025-11-28 18:22:00.000,,,NCR20251126-00159,B,2025-11-26,undefined,"100",Total yield ratio lower spec (ESR),1,2025-12-11 09:20:00.000,2025-12-11 09:20:00.000,""
LOTMT1283,"4DSACE803477","","",9576,2025-11-16 00:00:00.000,"1",6000,2025-11-28 17:28:00.000,,,NCR20251126-00367,B,2025-11-26,undefined,"100",Total yield ratio lower spec (ESR),1,2025-12-11 09:20:00.000,2025-12-11 09:20:00.000,""
LOTMT1364,"4DSACE803477","","",9576,2025-11-17 00:00:00.000,"1",6000,2025-12-08 18:00:00.000,,,NCR20251128-00155,B,2025-11-28,undefined,"100",LC Short chip,1,2025-12-11 09:20:00.000,2025-12-11 09:20:00.000,""
LOTMT1413,"4DSACE803227","","",9576,2025-11-19 00:00:00.000,"1",6000,2025-12-08 12:51:00.000,,,NCR20251201-00149,B,2025-12-01,undefined,"100",Total yield ratio lower spec (LC),1,2025-12-11 09:20:00.000,2025-12-11 09:20:00.000,""
LOTMT1508,"4DSACE803227","","",9576,2025-11-21 00:00:00.000,"1",3000,2025-12-09 17:32:00.000,,,NCR20251203-00261,B,2025-12-03,undefined,"100",Total yield ratio lower spec (ESR),1,2025-12-11 09:20:00.000,2025-12-11 09:20:00.000,""
LOTMT1625,"3DSACE803156","","",15960,2025-11-20 00:00:00.000,"1",12000,2025-12-04 13:49:00.000,,,NCR20251126-00185,B,2025-11-26,undefined,"100",Total yield ratio lower spec (LC),1,2025-12-11 09:20:00.000,2025-12-11 09:20:00.000,""
LOTMT1726,"4DSACE803107","","",11970,2025-11-21 00:00:00.000,"1",9000,2025-12-08 05:57:00.000,,,NCR20251201-00169,B,2025-12-01,undefined,"100",Total yield ratio lower spec (LC),1,2025-12-11 09:20:00.000,2025-12-11 09:20:00.000,""
LOTMT2202,"4DSACE803477","","",9576,2025-09-23 00:00:00.000,"1",6000,2025-11-08 15:12:00.000,,,NCR20251029-00197,B,2025-10-29,undefined,"100",LC Short chip,1,2025-12-11 09:20:00.000,2025-12-11 09:20:00.000,""
LOTMT1064,"4DSACE803336","","",9576,2025-10-09 00:00:00.000,"1",6000,2025-11-12 12:55:00.000,,,NCR20251103-00114,B,2025-11-03,undefined,"100",Process abnormal ,1,2025-12-11 09:20:00.000,2025-12-11 09:20:00.000,""
LOTMT0668,"3DSACE803226","","",11970,2025-10-14 00:00:00.000,"1",6000,2025-11-12 17:24:00.000,,,NCR20251103-00115,B,2025-11-03,undefined,"100",Process abnormal ,1,2025-12-11 09:20:00.000,2025-12-11 09:20:00.000,""
LOTMT0997,"3DSACE803226","","",11970,2025-10-15 00:00:00.000,"1",3000,2025-11-06 09:45:00.000,,,NCR20251031-00440,B,2025-10-31,undefined,"100",Total yield ratio lower spec (ESR),1,2025-12-11 09:20:00.000,2025-12-11 09:20:00.000,""
LOTMT1157,"4DSACE803336","","",9576,2025-10-15 00:00:00.000,"1",6000,2025-11-02 14:40:00.000,,,NCR20251023-00148,B,2025-10-23,undefined,"100",Total yield ratio lower spec (ESR),2,2025-12-11 09:20:00.000,2025-12-11 09:20:00.000,""
LOTMT0862,"6DSACE803227","","",7980,2025-10-09 00:00:00.000,"1",5000,2025-11-01 21:35:00.000,,,NCR20251023-00142,B,2025-10-23,undefined,"100",LC Short chip,1,2025-12-11 09:20:00.000,2025-12-11 09:20:00.000,""
LOTMT1147,"3DSACE803226","","",11970,2025-10-16 00:00:00.000,"1",6000,2025-11-06 09:47:00.000,,,NCR20251027-00218,B,2025-10-27,undefined,"100",Total yield ratio lower spec (LC),2,2025-12-11 09:20:00.000,2025-12-11 09:20:00.000,""
LOTMT0999,"3DSACE803226","","",11970,2025-10-15 00:00:00.000,"1",9000,2025-11-01 12:41:00.000,,,NCR20251027-00208,B,2025-10-27,undefined,"100",Total yield ratio lower spec (LC),1,2025-12-11 09:20:00.000,2025-12-11 09:20:00.000,""
LOTMT0684,"6DSACE803337","","",5985,2025-10-08 00:00:00.000,"1",2500,2025-11-12 16:45:00.000,,,NCR20251023-00138,B,2025-10-23,undefined,"100",LC Short chip,1,2025-12-11 09:20:00.000,2025-12-11 09:20:00.000,""
LOTMT0708,"4DSACE803477","","",9576,2025-10-08 00:00:00.000,"1",6000,2025-11-01 05:21:00.000,,,NCR20251024-00318,B,2025-10-24,undefined,"100",LC Short chip,1,2025-12-11 09:20:00.000,2025-12-11 09:20:00.000,""
LOTMT1005,"4DSACE803337","","",9576,2025-10-10 00:00:00.000,"1",6000,2025-11-05 12:41:00.000,,,NCR20251103-00125,B,2025-11-03,undefined,"100",Total yield ratio lower spec (ESR),1,2025-12-11 09:20:00.000,2025-12-11 09:20:00.000,""
LOTMT1104,"3DSACE803476","","",11970,2025-10-14 00:00:00.000,"1",9000,2025-11-01 12:47:00.000,,,NCR20251021-00242,B,2025-10-21,undefined,"100",Total yield ratio lower spec (LC),1,2025-12-11 09:20:00.000,2025-12-11 09:20:00.000,""
LOTMT0700,"4DSACE803477","","",9576,2025-10-08 00:00:00.000,"1",6000,2025-11-06 05:09:00.000,,,NCR20251030-00338,B,2025-10-30,undefined,"100",LC Short chip,1,2025-12-11 09:20:00.000,2025-12-11 09:20:00.000,""
LOTMT1327,"4DSACE803477","","",9576,2025-10-16 00:00:00.000,"1",6000,2025-11-10 15:34:00.000,,,NCR20251028-00168,B,2025-10-28,undefined,"100",LC Short chip,1,2025-12-11 09:20:00.000,2025-12-11 09:20:00.000,""
LOTMT1375,"6DSACE803227","","",7980,2025-10-18 00:00:00.000,"1",5000,2025-11-20 00:38:00.000,,,NCR20251028-00186,B,2025-10-28,undefined,"100",LC Short chip,1,2025-12-11 09:20:00.000,2025-12-11 09:20:00.000,""
LOTMT1543,"4DSACE803227","","",9576,2025-10-20 00:00:00.000,"1",6000,2025-11-18 22:23:00.000,,,NCR20251031-00172,B,2025-10-31,undefined,"100",LC Short chip,1,2025-12-11 09:20:00.000,2025-12-11 09:20:00.000,""
LOTMT1686,"4DSACE803477","","",9576,2025-10-19 00:00:00.000,"1",6000,2025-11-30 05:58:00.000,,,NCR20251028-00351,B,2025-10-28,undefined,"100",Total yield ratio lower spec (ESR),2,2025-12-11 09:20:00.000,2025-12-11 09:20:00.000,""
LOTMT2193,"4DSACE803477","","",9576,2025-10-25 00:00:00.000,"1",6000,2025-11-26 10:19:00.000,,,NCR20251118-00227,B,2025-11-18,undefined,"100",LC Short chip,1,2025-12-11 09:20:00.000,2025-12-11 09:20:00.000,""
LOTMT1875,"4DSACE803477","","",9576,2025-11-24 00:00:00.000,"1",3000,2025-12-22 10:38:00.000,,,NCR20251215-00401,B,2025-12-15,Awaiting Final Approval,"100",Total yield ratio lower spec (ESR),1,2025-12-23 14:51:00.000,2025-12-23 14:51:00.000,""
LOTMT1951,"3DSACE803476","","",11970,2025-11-25 00:00:00.000,"1",6000,2025-12-22 10:46:00.000,,,NCR20251216-00224,B,2025-12-16,Awaiting Final Approval,"100",Total yield ratio lower spec (ESR),1,2025-12-23 14:51:00.000,2025-12-23 14:51:00.000,""
LOTMT2889,"3DSACE803226","","",11970,2025-12-02 00:00:00.000,"1",9000,2025-12-22 10:43:00.000,,,NCR20251216-00226,B,2025-12-16,Awaiting Final Approval,"100",Total yield ratio lower spec (LC),1,2025-12-23 14:51:00.000,2025-12-23 14:51:00.000,""
LOTMT2489,"4DSACE803107","","",11970,2025-10-29 00:00:00.000,"1",9000,2025-11-17 12:29:00.000,,,NCR20251111-00217,B,2025-11-11,undefined,"100",Total yield ratio lower spec (LC),2,2025-12-11 09:20:00.000,2025-12-11 09:20:00.000,""
LOTMT0031,"4DSACE803477","","",9576,2025-11-03 00:00:00.000,"1",6000,2025-11-26 15:49:00.000,,,NCR20251115-00244,B,2025-11-15,undefined,"100",Total yield ratio lower spec (ESR),2,2025-12-11 09:20:00.000,2025-12-11 09:20:00.000,""
LOTMT0847,"4DSACE803477","","",9576,2025-11-13 00:00:00.000,"1",6000,2025-11-28 17:47:00.000,,,NCR20251121-00283,B,2025-11-21,undefined,"100",LC Short chip,1,2025-12-11 09:20:00.000,2025-12-11 09:20:00.000,""
LOTMT2682,"3DSACE803476","","",11970,2025-11-30 00:00:00.000,"1",6000,2025-12-23 09:58:00.000,,,NCR20251215-00199,B,2025-12-15,Awaiting Final Approval,"100",Total yield ratio lower spec (LC),1,2025-12-24 14:50:00.000,2025-12-24 14:50:00.000,""
LOTMT1014,"4DSACE803107","","",11970,2025-11-13 00:00:00.000,"1",9000,2025-12-24 16:49:00.000,,,NCR20251216-00227,B,2025-12-16,Awaiting Final Approval,"100",Total yield ratio lower spec (LC),1,2025-12-25 11:51:00.000,2025-12-25 11:51:00.000,""
LOTMT2837,"4DSACE803337","","",9576,2025-12-02 00:00:00.000,"1",6000,2025-12-24 06:36:00.000,,,NCR20251215-00194,B,2025-12-15,Awaiting Final Approval,"100",Total yield ratio lower spec (LC),1,2025-12-25 11:51:00.000,2025-12-25 11:51:00.000,""
LOTMT2974,"4DSACE803477","","",9576,2025-11-30 00:00:00.000,"1",3000,2025-12-24 15:12:00.000,,,NCR20251218-00137,B,2025-12-18,Release/Reject Judgement,"100",Total yield ratio lower spec (ESR),1,2025-12-25 11:51:00.000,2025-12-25 11:51:00.000,""
LOTMT0710,"4DSACE803477","","",9576,2025-12-12 00:00:00.000,"1",6000,2025-12-24 15:42:00.000,,,NCR20251222-00102,B,2025-12-22,Awaiting Final Approval,"100",Total yield ratio lower spec (ESR),1,2025-12-25 11:51:00.000,2025-12-25 11:51:00.000,""
LOTMT0523,"4DSACE803477","","",9576,2025-11-10 00:00:00.000,"1",6000,2026-01-21 17:53:00.000,,,NCR20251120-00308,B,2025-11-20,undefined,"100",LC Short chip,1,2026-01-22 18:50:00.000,2026-01-22 18:50:00.000,""
LOTMT1237,"4DSACE803227","","",9576,2025-12-22 00:00:00.000,"1",6000,2026-01-12 14:27:00.000,,,NCR20260108-00159,B,2026-01-08,Lot Disposition,"100",Total yield ratio lower spec (LC),1,2026-01-12 15:21:00.000,2026-01-12 15:21:00.000,""
LOTMT1804,"4DSACE803477","","",8945,2025-11-15 15:36:00.000,"2150",6000,2025-12-27 13:04:00.000,,,NCR20251120-00200,B,2025-11-20,Awaiting Final Approval,"100",LC Short chip,1,2025-12-27 18:50:00.000,2025-12-27 18:50:00.000,""
LOTMT0093,"4DSACE803336","","",9576,2025-10-03 00:00:00.000,"1",6000,2025-11-02 12:50:00.000,,,NCR20251015-00221,B,2025-10-15,undefined,"100",Total yield ratio lower spec (LC),1,2025-12-11 09:20:00.000,2025-12-11 09:20:00.000,""
LOTMT0564,"6DSACE803337","","",5985,2025-10-07 00:00:00.000,"1",5000,2025-11-05 10:40:00.000,,,NCR20251023-00284,B,2025-10-23,undefined,"100",LC Short chip,1,2025-12-11 09:20:00.000,2025-12-11 09:20:00.000,""
LOTMT0579,"4DSACE803477","","",9576,2025-10-07 00:00:00.000,"1",6000,2025-11-10 13:31:00.000,,,NCR20251021-00350,B,2025-10-21,undefined,"100",LC Short chip,1,2025-12-11 09:20:00.000,2025-12-11 09:20:00.000,""
LOTMT2973,"4DSACE803477","","",9576,2025-11-30 00:00:00.000,"1",6000,2026-01-21 17:21:00.000,,,NCR20251215-00200,B,2025-12-15,Awaiting Final Approval,"100",Total yield ratio lower spec (LC),1,2026-01-22 18:50:00.000,2026-01-22 18:50:00.000,""
LOTMT0608,"4DSACE803477","","",9576,2025-12-11 00:00:00.000,"1",6000,2026-01-12 10:54:00.000,,,NCR20260105-00059,B,2026-01-05,Awaiting Final Approval,"100",Total yield ratio lower spec (LC),1,2026-01-12 15:21:00.000,2026-01-12 15:21:00.000,""
LOTMT1201,"4DSACE803477","","",9576,2025-11-15 00:00:00.000,"1",6000,2026-01-21 17:15:00.000,,,NCR20251124-00067,B,2025-11-24,undefined,"100",LC Short chip,1,2026-01-22 18:50:00.000,2026-01-22 18:50:00.000,""
LOTMT1270,"4DSACE803477","","",9576,2025-11-16 00:00:00.000,"1",6000,2026-01-21 15:21:00.000,,,NCR20251126-00158,B,2025-11-26,undefined,"100",Total yield ratio lower spec (ESR),1,2026-01-22 18:50:00.000,2026-01-22 18:50:00.000,""
LOTMT1356,"4DSACE803477","","",9576,2025-11-17 00:00:00.000,"1",6000,2026-01-21 17:33:00.000,,,NCR20251126-00379,B,2025-11-26,undefined,"100",LC Short chip,1,2026-01-22 18:50:00.000,2026-01-22 18:50:00.000,""
LOTMT0851,"4DSACE803336","","",9576,2026-01-18 00:00:00.000,"1",6000,2026-02-02 12:50:00.000,,,NCR20260127-00164,B,2026-01-27,Release/Reject Judgement,"100",Total yield ratio lower spec (LC),1,2026-02-03 18:50:00.000,2026-02-03 18:50:00.000,""
LOTMT2448,"6DSACE803107","","",6840,2026-02-02 00:00:00.000,"1",2500,2026-02-26 03:56:00.000,,,NCR20260217-00361,B,2026-02-17,undefined,"100",Total yield ratio lower spec (CDF),1,2026-02-27 18:50:00.000,2026-02-27 18:50:00.000,""
LOTMT0298,"4DSACE803477","","",9576,2026-02-06 00:00:00.000,"1",3000,2026-03-09 11:16:00.000,,,NCR20260216-00142,B,2026-02-16,undefined,"100",Total yield ratio lower spec (LC),1,2026-03-10 18:50:00.000,2026-03-10 18:50:00.000,""
LOTMT1460,"4DSACE803336","","",9576,2026-02-18 00:00:00.000,"1",6000,2026-03-09 18:27:00.000,,,NCR20260302-00120,B,2026-03-02,undefined,"100",Total yield ratio lower spec (LC),1,2026-03-10 18:50:00.000,2026-03-10 18:50:00.000,""
LOTMT0286,"6DSACE803157","","",6840,2026-02-05 00:00:00.000,"1",2500,2026-02-24 11:31:00.000,,,NCR20260219-00156,B,2026-02-19,undefined,"100",Total yield ratio lower spec (LC),1,2026-02-25 18:50:00.000,2026-02-25 18:50:00.000,""
LOTMT0952,"4DSACE803477","","",9576,2025-11-14 00:00:00.000,"1",6000,2026-03-08 14:14:00.000,,,NCR20251126-00161,B,2025-11-26,undefined,"100",Total yield ratio lower spec (ESR),2,2026-03-09 18:50:00.000,2026-03-09 18:50:00.000,""
LOTMT1216,"4DSACE803477","","",9576,2025-11-16 00:00:00.000,"1",3000,2026-03-08 13:55:00.000,,,NCR20251126-00368,B,2025-11-26,undefined,"100",Total yield ratio lower spec (ESR),1,2026-03-09 18:50:00.000,2026-03-09 18:50:00.000,""
LOTMT0122,"4DSACE803477","","",9576,2026-02-03 00:00:00.000,"1",6000,2026-02-24 17:52:00.000,,,NCR20260216-00073,B,2026-02-16,undefined,"100",Total yield ratio lower spec (LC),2,2026-02-25 18:50:00.000,2026-02-25 18:50:00.000,""
LOTMT0797,"4DSACE803477","","",9576,2026-02-11 00:00:00.000,"1",6000,2026-02-24 17:12:00.000,,,NCR20260213-00090,B,2026-02-13,undefined,"100",Conductivity out of spec,1,2026-02-25 18:50:00.000,2026-02-25 18:50:00.000,""
LOTMT1911,"4DSACE803477","","",9576,2026-02-21 00:00:00.000,"1",3000,2026-03-26 15:10:00.000,,,NCR20260307-00194,B,2026-03-07,Release/Reject Judgement,"100",Total yield ratio lower spec (ESR),1,2026-03-27 18:51:00.000,2026-03-27 18:51:00.000,""
LOTMT2015,"4DSACE803477","","",9576,2026-01-26 00:00:00.000,"1",6000,2026-02-24 09:52:00.000,,,NCR20260203-00142,B,2026-02-03,undefined,"100",Total yield ratio lower spec (LC),2,2026-02-25 18:50:00.000,2026-02-25 18:50:00.000,""
LOTMT2333,"4DSACE803336","","",9576,2026-01-29 00:00:00.000,"1",3000,2026-02-24 08:43:00.000,,,NCR20260210-00021,B,2026-02-10,undefined,"36.216147",Product  abnormal ,2,2026-02-25 18:50:00.000,2026-02-25 18:50:00.000,""
LOTMT0680,"4DSACE803227","","",9576,2026-02-09 00:00:00.000,"1",6000,2026-02-24 10:34:00.000,,,NCR20260220-00117,B,2026-02-20,undefined,"100",Total yield ratio lower spec (LC),1,2026-02-25 18:50:00.000,2026-02-25 18:50:00.000,""
LOTMT2299,"4DSACE803477","","",9576,2026-01-29 00:00:00.000,"1",6000,2026-03-09 01:25:00.000,,,NCR20260212-00195,B,2026-02-12,undefined,"100",Total yield ratio lower spec (LC),1,2026-03-10 18:50:00.000,2026-03-10 18:50:00.000,""
LOTMT2306,"4DSACE803477","","",9576,2026-01-29 00:00:00.000,"1",6000,2026-03-09 01:19:00.000,,,NCR20260210-00290,B,2026-02-10,undefined,"100",Total yield ratio lower spec (LC),1,2026-03-10 18:50:00.000,2026-03-10 18:50:00.000,""
LOTMT2454,"4DSACE803477","","",9576,2026-01-31 00:00:00.000,"1",6000,2026-03-09 02:52:00.000,,,NCR20260210-00294,B,2026-02-10,undefined,"100",Total yield ratio lower spec (LC),1,2026-03-10 18:50:00.000,2026-03-10 18:50:00.000,""
LOTMT2462,"4DSACE803477","","",9576,2026-02-01 00:00:00.000,"1",6000,2026-03-09 01:01:00.000,,,NCR20260216-00083,B,2026-02-16,undefined,"100",Total yield ratio lower spec (LC),1,2026-03-10 18:50:00.000,2026-03-10 18:50:00.000,""
LOTMT2739,"4DSACE803477","","",9576,2025-11-30 00:00:00.000,"1",6000,2026-02-22 12:43:00.000,,,NCR20251215-00197,B,2025-12-15,Awaiting Final Approval,"100",Total yield ratio lower spec (LC),1,2026-02-23 18:50:00.000,2026-02-23 18:50:00.000,""
LOTMT0292,"4DSACE803477","","",9576,2026-02-06 00:00:00.000,"1",6000,2026-03-05 17:04:00.000,,,NCR20260218-00152,B,2026-02-18,undefined,"100",Total yield ratio lower spec (CDF),1,2026-03-06 18:50:00.000,2026-03-06 18:50:00.000,""
LOTMT1783,"4DSACE803477","","",9576,2026-02-19 00:00:00.000,"1",6000,2026-03-09 18:23:00.000,,,NCR20260227-00251,B,2026-02-27,undefined,"100",Total yield ratio lower spec (LC),1,2026-03-10 18:50:00.000,2026-03-10 18:50:00.000,""
LOTMT1803,"4DSACE803107","","",11970,2026-02-20 00:00:00.000,"1",9000,2026-03-09 17:33:00.000,,,NCR20260303-00311,B,2026-03-03,undefined,"100",Total yield ratio lower spec (LC),1,2026-03-10 18:50:00.000,2026-03-10 18:50:00.000,""
LOTMT2450,"4DSACE803477","","",9576,2026-01-31 00:00:00.000,"1",6000,2026-03-02 10:05:00.000,,,NCR20260211-00233,B,2026-02-11,Awaiting Final Approval,"100",Total yield ratio lower spec (LC),1,2026-03-03 18:50:00.000,2026-03-03 18:50:00.000,""
LOTMT2316,"4DSACE803477","","",9576,2025-10-27 00:00:00.000,"1",6000,2026-03-06 12:25:00.000,,,NCR20251120-00371,B,2025-11-20,undefined,"100",LC Short chip,1,2026-03-07 18:50:00.000,2026-03-07 18:50:00.000,""
LOTMT2018,"4DSACE803477","","",9576,2026-01-26 00:00:00.000,"1",3000,2026-03-09 23:36:00.000,,,NCR20260210-00297,B,2026-02-10,undefined,"100",Total yield ratio lower spec (ESR),1,2026-03-10 18:50:00.000,2026-03-10 18:50:00.000,""
LOTMT0443,"4DSACE803477","","",9576,2026-02-07 00:00:00.000,"1",3000,2026-03-09 23:34:00.000,,,NCR20260217-00118,B,2026-02-17,undefined,"100",Total yield ratio lower spec (ESR),1,2026-03-10 18:50:00.000,2026-03-10 18:50:00.000,""
LOTMT0813,"4DSACE803227","","",9576,2026-02-10 00:00:00.000,"1",3000,2026-03-09 21:18:00.000,,,NCR20260302-00104,B,2026-03-02,undefined,"100",Total yield ratio lower spec (LC),1,2026-03-10 18:50:00.000,2026-03-10 18:50:00.000,""
LOTMT2081,"4DSACE803477","","",9576,2025-11-29 00:00:00.000,"1",6000,2026-03-02 13:35:00.000,,,NCR20251216-00229,B,2025-12-16,undefined,"100",Total yield ratio lower spec (ESR),1,2026-03-03 18:50:00.000,2026-03-03 18:50:00.000,""
LOTMT1211,"4DSACE803477","","",9576,2025-11-16 00:00:00.000,"1",6000,2026-03-09 13:12:00.000,,,NCR20251126-00164,B,2025-11-26,undefined,"100",LC Short chip,1,2026-03-10 18:50:00.000,2026-03-10 18:50:00.000,""
LOTMT1363,"4DSACE803477","","",9576,2025-11-17 00:00:00.000,"1",6000,2026-03-09 13:15:00.000,,,NCR20251127-00238,B,2025-11-27,undefined,"100",Total yield ratio lower spec (ESR),2,2026-03-10 18:50:00.000,2026-03-10 18:50:00.000,""
LOTMT0875,"4DSACE803477","","",9576,2026-02-12 00:00:00.000,"1",6000,2026-03-07 14:50:00.000,,,NCR20260223-00097,B,2026-02-23,Awaiting Final Approval,"100",Total yield ratio lower spec (LC),1,2026-03-08 18:50:00.000,2026-03-08 18:50:00.000,""
LOTMT0257,"4DSACE803477","","",9576,2025-11-06 00:00:00.000,"1",6000,2026-03-03 12:42:00.000,,,NCR20251120-00206,B,2025-11-20,undefined,"100",LC Short chip,1,2026-03-04 18:50:00.000,2026-03-04 18:50:00.000,""
LOTMT0960,"4DSACE803477","","",9576,2025-11-14 00:00:00.000,"1",6000,2026-03-03 12:57:00.000,,,NCR20251126-00375,B,2025-11-26,undefined,"100",Total yield ratio lower spec (ESR),1,2026-03-04 18:50:00.000,2026-03-04 18:50:00.000,""
LOTMT1179,"4DSACE803227","","",9576,2026-02-14 00:00:00.000,"1",6000,2026-03-09 20:49:00.000,,,NCR20260226-00170,B,2026-02-26,undefined,"100",Total yield ratio lower spec (LC),1,2026-03-10 18:50:00.000,2026-03-10 18:50:00.000,""
LOTMT2059,"4DSACE803227","","",9576,2026-02-23 00:00:00.000,"1",6000,2026-03-09 18:17:00.000,,,NCR20260305-00138,B,2026-03-05,undefined,"100",Total yield ratio lower spec (ESR),1,2026-03-10 18:50:00.000,2026-03-10 18:50:00.000,""
LOTMT2180,"4DSACE803477","","",9576,2025-10-25 00:00:00.000,"1",3000,2026-03-10 12:26:00.000,,,NCR20251104-00249,B,2025-11-04,undefined,"100",Total yield ratio lower spec (ESR),1,2026-03-11 18:50:00.000,2026-03-11 18:50:00.000,""
LOTMT1087,"4DSACE803477","","",9047,2025-11-10 07:36:00.000,"2150",6000,2026-03-10 11:10:00.000,,,NCR20251113-00220,B,2025-11-13,undefined,"100",LC Short chip,1,2026-03-11 18:50:00.000,2026-03-11 18:50:00.000,""
LOTMT0757,"4DSACE803337","","",9576,2026-02-11 00:00:00.000,"1",3000,2026-03-11 11:26:00.000,,,NCR20260223-00132,B,2026-02-23,undefined,"36.942515",Product  abnormal ,2,2026-03-12 18:50:00.000,2026-03-12 18:50:00.000,""
LOTMT2016,"4DSACE803477","","",9576,2025-10-23 00:00:00.000,"1",3000,2026-03-20 13:10:00.000,,,NCR20251103-00101,B,2025-11-03,undefined,"100",Total yield ratio lower spec (ESR),1,2026-03-21 18:50:00.000,2026-03-21 18:50:00.000,""
LOTMT2515,"4DSACE803477","","",9576,2025-09-27 00:00:00.000,"1",6000,2026-03-20 13:04:00.000,,,NCR20251016-00276,B,2025-10-16,undefined,"100",Total yield ratio lower spec (ESR),1,2026-03-21 18:50:00.000,2026-03-21 18:50:00.000,""
LOTMT2736,"4DSACE803477","","",9576,2025-11-30 00:00:00.000,"1",6000,2026-03-28 13:14:00.000,,,NCR20251216-00159,B,2025-12-16,undefined,"100",Total yield ratio lower spec (ESR),1,2026-03-29 18:51:00.000,2026-03-29 18:51:00.000,""
LOTMT0210,"4DSACE803477","","",9576,2025-10-04 00:00:00.000,"1",3000,2026-03-23 14:16:00.000,,,NCR20251017-00138,B,2025-10-17,undefined,"100",LC Short chip,1,2026-03-24 18:50:00.000,2026-03-24 18:50:00.000,""
LOTMT0333,"4DSACE803477","","",9576,2025-10-05 00:00:00.000,"1",6000,2026-03-23 14:23:00.000,,,NCR20251014-00105,B,2025-10-14,undefined,"100",Total yield ratio lower spec (ESR),1,2026-03-24 18:50:00.000,2026-03-24 18:50:00.000,""
LOTMT1181,"4DSACE803477","","",9576,2025-10-14 00:00:00.000,"1",3000,2026-03-30 15:33:00.000,,,NCR20251027-00122,B,2025-10-27,undefined,"100",Total yield ratio lower spec (ESR),2,2026-03-31 18:52:00.000,2026-03-31 18:52:00.000,""
LOTMT1198,"4DSACE803477","","",9576,2025-10-16 00:00:00.000,"1",3000,2026-03-30 15:07:00.000,,,NCR20251103-00123,B,2025-11-03,undefined,"100",Total yield ratio lower spec (ESR),2,2026-03-31 18:52:00.000,2026-03-31 18:52:00.000,""
LOTMT2110,"4DSACE803477","","",9576,2025-10-24 00:00:00.000,"1",3000,2026-03-30 15:35:00.000,,,NCR20251104-00251,B,2025-11-04,undefined,"100",LC Short chip,1,2026-03-31 18:52:00.000,2026-03-31 18:52:00.000,""
LOTMT0195,"4DSACE803477","","",9576,2025-10-03 00:00:00.000,"1",3000,2026-03-24 20:23:00.000,,,NCR20251016-00175,B,2025-10-16,undefined,"100",Total yield ratio lower spec (ESR),1,2026-03-25 18:50:00.000,2026-03-25 18:50:00.000,""
LOTMT0213,"4DSACE803477","","",9576,2025-10-04 00:00:00.000,"1",6000,2026-03-24 21:30:00.000,,,NCR20251005-00148,B,2025-10-05,undefined,"20.047733",Polymer skip cycle,1,2026-03-25 18:50:00.000,2026-03-25 18:50:00.000,""
LOTMT0635,"4DSACE803477","","",9576,2025-10-07 00:00:00.000,"1",6000,2026-03-24 22:30:00.000,,,NCR20251023-00330,B,2025-10-23,undefined,"100",Total yield ratio lower spec (ESR),1,2026-03-25 18:50:00.000,2026-03-25 18:50:00.000,""
LOTMT0638,"4DSACE803477","","",9576,2025-10-07 00:00:00.000,"1",6000,2026-03-24 20:40:00.000,,,NCR20251028-00232,B,2025-10-28,undefined,"100",LC Short chip,1,2026-03-25 18:50:00.000,2026-03-25 18:50:00.000,""
LOTMT0594,"4DSACE803107","","",11970,2026-03-09 00:00:00.000,"1",9000,2026-03-31 09:44:00.000,,,NCR20260318-00335,B,2026-03-18,Making Instruction of Lot Disposition,"100",Total yield ratio lower spec (LC),1,2026-04-01 13:06:00.000,2026-04-01 13:06:00.000,""
LOTMT2636,"4DSACE803477","","",9576,2025-09-29 00:00:00.000,"1",3000,2026-03-24 21:21:00.000,,,NCR20251028-00355,B,2025-10-28,undefined,"100",Total yield ratio lower spec (ESR),2,2026-03-25 18:50:00.000,2026-03-25 18:50:00.000,""
LOTMT0029,"4DSACE803477","","",9576,2026-03-02 00:00:00.000,"1",6000,2026-03-31 11:23:00.000,,,NCR20260310-00165,B,2026-03-10,Release/Reject Judgement,"100",Total yield ratio lower spec (CDF),1,2026-04-01 13:06:00.000,2026-04-01 13:06:00.000,""
LOTMT0100,"4DSACE803477","","",9576,2026-03-04 00:00:00.000,"1",6000,2026-03-31 11:20:00.000,,,NCR20260318-00160,B,2026-03-18,Making Instruction of Lot Disposition,"100",Total yield ratio lower spec (LC),1,2026-04-01 13:06:00.000,2026-04-01 13:06:00.000,""
LOTMT0385,"4DSACE803477","","",9576,2026-03-07 00:00:00.000,"1",6000,2026-03-31 11:17:00.000,,,NCR20260318-00170,B,2026-03-18,Release/Reject Judgement,"100",Total yield ratio lower spec (ESR),1,2026-04-01 13:06:00.000,2026-04-01 13:06:00.000,""
LOTMT0413,"4DSACE803107","","",11970,2026-03-07 00:00:00.000,"1",9000,2026-03-31 11:27:00.000,,,NCR20260318-00165,B,2026-03-18,Making Instruction of Lot Disposition,"100",Total yield ratio lower spec (LC),1,2026-04-01 13:06:00.000,2026-04-01 13:06:00.000,""
LOTMT0569,"4DSACE803477","","",9576,2026-03-06 00:00:00.000,"1",6000,2026-03-31 11:14:00.000,,,NCR20260320-00131,B,2026-03-20,Release/Reject Judgement,"100",Total yield ratio lower spec (CDF),1,2026-04-01 13:06:00.000,2026-04-01 13:06:00.000,""
LOTMT2642,"4DSACE803477","","",9576,2025-09-30 00:00:00.000,"1",3000,2026-03-24 21:26:00.000,,,NCR20251021-00168,B,2025-10-21,undefined,"100",LC Short chip,1,2026-03-25 18:50:00.000,2026-03-25 18:50:00.000,""
LOTMT0542,"4DSACE803477","","",9576,2025-11-08 00:00:00.000,"1",3000,2026-03-25 13:50:00.000,,,NCR20251121-00254,B,2025-11-21,undefined,"100",Total yield ratio lower spec (CDF),3,2026-03-26 18:51:00.000,2026-03-26 18:51:00.000,""
LOTMT0588,"4DSACE803477","","",9576,2025-11-11 00:00:00.000,"1",6000,2026-03-30 15:01:00.000,,,NCR20251118-00168,B,2025-11-18,undefined,"100",LC Short chip,1,2026-03-31 18:52:00.000,2026-03-31 18:52:00.000,""
LOTMT2558,"4DSACE803337","","",9576,2026-02-28 00:00:00.000,"1",6000,2026-03-30 13:36:00.000,,,NCR20260320-00222,B,2026-03-20,Release/Reject Judgement,"100",Total yield ratio lower spec (ESR),1,2026-03-31 18:52:00.000,2026-03-31 18:52:00.000,""
LOTMT0619,"4DSACE803337","","",9576,2026-03-09 00:00:00.000,"1",6000,2026-03-30 13:34:00.000,,,NCR20260319-00158,B,2026-03-19,Release/Reject Judgement,"100",Total yield ratio lower spec (ESR),1,2026-03-31 18:52:00.000,2026-03-31 18:52:00.000,""
LOTMT2088,"4DSACE803477","","",9576,2025-10-23 00:00:00.000,"1",6000,2026-03-25 17:22:00.000,,,NCR20251105-00345,B,2025-11-05,undefined,"100",LC Short chip,1,2026-03-26 18:51:00.000,2026-03-26 18:51:00.000,""
LOTMT2820,"4DSACE803477","","",9576,2025-10-01 00:00:00.000,"1",6000,2026-03-25 17:18:00.000,,,NCR20251016-00277,B,2025-10-16,undefined,"100",LC Short chip,1,2026-03-26 18:51:00.000,2026-03-26 18:51:00.000,""
LOTMT2479,"4DSACE803477","","",9576,2026-02-27 00:00:00.000,"1",3000,2026-03-31 14:23:00.000,,,NCR20260318-00172,B,2026-03-18,Release/Reject Judgement,"100",Total yield ratio lower spec (ESR),2,2026-04-01 13:06:00.000,2026-04-01 13:06:00.000,""
LOTMT0041,"4DSACE803477","","",9576,2025-10-01 00:00:00.000,"1",6000,2026-03-25 18:03:00.000,,,NCR20251010-00221,B,2025-10-10,undefined,"100",Total yield ratio lower spec (ESR),1,2026-03-26 18:51:00.000,2026-03-26 18:51:00.000,""
LOTMT2086,"4DSACE803477","","",9576,2025-10-23 00:00:00.000,"1",3000,2026-03-25 17:52:00.000,,,NCR20251103-00281,B,2025-11-03,undefined,"100",Total yield ratio lower spec (ESR),1,2026-03-26 18:51:00.000,2026-03-26 18:51:00.000,""
LOTMT0891,"4DSACE803336","","",9576,2026-03-11 00:00:00.000,"1",6000,2026-04-01 12:27:00.000,,,NCR20260325-00202,B,2026-03-25,Making Instruction of Lot Disposition,"100",Total yield ratio lower spec (CDF),1,2026-04-01 13:06:00.000,2026-04-01 13:06:00.000,""
LOTMT1420,"4DSACE803336","","",9576,2026-03-18 00:00:00.000,"1",6000,2026-04-01 12:33:00.000,,,NCR20260325-00313,B,2026-03-25,Making Instruction of Lot Disposition,"100",Total yield ratio lower spec (CDF),1,2026-04-01 13:06:00.000,2026-04-01 13:06:00.000,""
