"lotno","material_part_a","material_lot_a","material_lot_x","material_lot_y","material_lot_z"
LOTMT2775,ABCC22111-01,A509080750R,"251021SPA1M00100004","1080340107","250425SPA1M00090010"
LOTMT2889,ABCC10447-01,A509080750R,"251021SPA1M00100004",K2305229-2,"251011SPA1M00080029"
LOTMT2015,ABCC10602-01,A511110850R,"251202SPA1M00020008",L8320229-1,"251121SPA1M00160025"
LOTMT1774,ABCC10509-01SA,A512010750R,"260109SPA1M00010008",K7900229-2,"251121SPA1M00260013"
LOTMT2739,ABCC10703-01,A509080750R,"251021SPA1M00100004",JF185229-2,"251106SPA1M00070006"
LOTMT2154,ABCC10602-01,A512010750R,"260109SPA1M00010008",LD60A229-2,"251126SPA1M00120011"
LOTMT1580,ABCC10509-01SA,A512010750R,"260109SPA1M00010008",K7BD0129-3,"251121SPA1M00070012"
LOTMT0029,ABCC10602-01,A511110850R,"251202SPA1M00020004",LD605129-2,"251121SPA1M00120013"
LOTMT2672,ABCC10433-01,A512010750R,"260109SPA1M00010008","31HE6552-2","250712SPA1M00090032"
LOTMT1783,ABCC10602-01,A512010750R,"260109SPA1M00010008",LD60A129-3,"251126SPA1M00100022"
LOTMT1211,ABCC10602-01,A509010750R,"250923SPA1M00050008","31KBCC02-1","250920SPA1M00520032"
LOTMT2089,ABCC10509-01SA,A512010750R,"260109SPA1M00010008",K7900229-2,"251121SPA1M00260009"
LOTMT0278,ABCC10509-01SA,A512020850R,"260128SPA1M00090007",L5800129-3,"260124SPA1M00030003"
LOTMT1776,ABCC10433-01,A512010750R,"260109SPA1M00010008","31HE6552-1","250712SPA1M00080035"
LOTMT2115,ABCC10447-01,A512010750R,"260109SPA1M00010008",L4595129-3,"251223SPA1M00060018"
LOTMT2117,ABCC10447-01,A512010750R,"260109SPA1M00010008",L4595129-3,"251223SPA1M00060011"
LOTMT0273,ABCC10509-01SA,A512020850R,"260128SPA1M00090007",L5800129-2,"260124SPA1M00020001"
LOTMT2515,ABCC10602-01,A507280750R,"250814SPA1M00010001","31J8D452-2","250829SPA1M00030033"
LOTMT2564,ABCC22111-01,A512010750R,"260109SPA1M00010008","1080340118","250425SPA1M00200016"
LOTMT2354,ABCC10509-01SA,A512010750R,"260109SPA1M00010008",K7900129-3,"251121SPA1M00240015"
LOTMT0020,ABCC10447-01,A512020850R,"260128SPA1M00090007",L8F65229-2,"251223SPA1M00130043"
LOTMT2132,ABCC10509-01SA,A512010750R,"260109SPA1M00010008",K7900129-2,"251121SPA1M00230015"
LOTMT0997,ABCC10602-01,A601060750R,"260128SPA1M00080006",LE24A129-2,"251204SPA1M00260003"
LOTMT2736,ABCC10703-01,A509080750R,"251021SPA1M00100004",JF185229-2,"251106SPA1M00070006"
LOTMT2099,ABCC10703-01,A512010750R,"260109SPA1M00010008",JF1E5229-2,"251106SPA1M00040018"
LOTMT2636,ABCC10602-01,A507280750R,"250814SPA1M00010001","31J8D452-3","250829SPA1M00040007"
LOTMT2642,ABCC10602-01,A507280750R,"250814SPA1M00010001","31J8D452-3","250829SPA1M00040020"
LOTMT2558,ABCC10503-01,A512010750R,"260109SPA1M00010008","31GFD502-3","250526SPA1M00140008"
LOTMT1209,ABCC10602-01,A601060750R,"260128SPA1M00080006",LE24A129-1,"251204SPA1M00250036"
LOTMT1201,ABCC10602-01,A509010750R,"250923SPA1M00050008","31KBCC02-2","250920SPA1M00530025"
LOTMT0847,ABCC10447-01,A511110850R,"251202SPA1M00020008",L18E0129-1,"251028SPA1M00060040"
LOTMT1686,ABCC10602-01,A511110850R,"251202SPA1M00020008",L8320229-1,"251121SPA1M00160029"
LOTMT1647,ABCC10509-01SA,A511110850R,"251202SPA1M00020008","31K5B251-3","250829SPA1M00170031"
LOTMT1086,ABCC10602-01,A510200850R,"251111SPA1M00070010",L268A129-3,"251108SPA1M00040030"
LOTMT1087,ABCC10602-01,A510200850R,"251111SPA1M00070010",L268A129-3,"251108SPA1M00040030"
LOTMT1595,ABCC10602-01,A511110850R,"251202SPA1M00020008",L8320129-3,"251121SPA1M00100001"
LOTMT1625,ABCC10447-01,A511110850R,"251202SPA1M00020008",L1905129-1,"251115SPA1M00040029"
LOTMT1726,ABCC10509-01,A510200850R,"251111SPA1M00070001","41J38952-3","250719SPA1M00120019"
LOTMT0025,"","","","",""
LOTMT0513,ABCC10602-01,A509160850R,"251021SPA1M00110005","31KBCC51-2","250927SPA1M00200032"
LOTMT2778,ABCC22111-01,A509080750R,"251021SPA1M00100004","1080340107","250425SPA1M00090010"
LOTMT2885,ABCC10447-01,A509080750R,"251021SPA1M00100004",K2305229-1,"251011SPA1M00070041"
LOTMT2770,ABCC10503-01,A509080750R,"251021SPA1M00100004","31H16701-2","250426SPA1M00070014"
LOTMT2917,ABCC10602-01,A509080750R,"251021SPA1M00100008","31KC4E02-2","250920SPA1M00620028"
LOTMT1014,ABCC10417-01,A509010750R,"250923SPA1M00050008","41H07251-1","250526SPA1M00150030"
LOTMT2974,ABCC10602-01,A509080750R,"251021SPA1M00100004","31KC4E02-3","250920SPA1M00630031"
LOTMT0704,ABCC10602-01,A509160850R,"","31K5A502-2",""
LOTMT0476,ABCC10447-01,A509160850R,"251021SPA1M00110005",K2315229-2,"251011SPA1M00050021"
LOTMT1420,ABCC10509-01SA,A511110850R,"251202SPA1M00020008","31K5B251-2","250829SPA1M00160015"
LOTMT1202,ABCC10602-01,A509160850R,"251021SPA1M00110007","31K51402-3","250927SPA1M00150039"
LOTMT1192,ABCC10509-01SA,A509160850R,"251021SPA1M00110007","31K30E02-2","250816SPA1M00180033"
LOTMT1191,ABCC10509-01SA,A509160850R,"251021SPA1M00110007","31K30E02-2","250816SPA1M00180033"
LOTMT2193,ABCC10433-01,A509020850R,"250923SPA1M00060004","31HE6551-2","250712SPA1M00060020"
LOTMT1104,ABCC10602-01,A511110850R,"251202SPA1M00020008",L268A129-3,"251108SPA1M00040040"
LOTMT2973,ABCC10602-01,A509080750R,"251021SPA1M00100004","31KC4E02-3","250920SPA1M00630031"
LOTMT0318,ABCC10509-01SA,A510200850R,"251111SPA1M00070010","31K30E01-1","250816SPA1M00260032"
LOTMT1219,ABCC10503-01,A509160850R,"251021SPA1M00110007","31H16702-3","250426SPA1M00110015"
LOTMT2071,ABCC10427-01,A511110850R,"251202SPA1M00020008",L3485229-3,"260109SPA1M00050029"
LOTMT2371,ABCC10509-01SA,A511110850R,"251202SPA1M00020004","31K52901-3","251011SPA1M00030045"
LOTMT2433,ABCC10509-01SA,A511110850R,"251202SPA1M00020004",K7900129-1,"251121SPA1M00220012"
LOTMT1413,ABCC10503-01,A511110850R,"251202SPA1M00020008","31H16702-3","250426SPA1M00110025"
LOTMT2319,ABCC10602-01,A511110850R,"251202SPA1M00020004",LD605129-2,"251121SPA1M00120039"
LOTMT2372,ABCC10509-01SA,A511110850R,"251202SPA1M00020004","31K52901-3","251011SPA1M00030044"
LOTMT1460,ABCC10447-01,A512010750R,"",HE375229-3,""
LOTMT2733,ABCC10703-01,A509080750R,"251021SPA1M00100004",JF185229-2,"251106SPA1M00070001"
LOTMT1543,ABCC10447-01,A512010750R,"260109SPA1M00010008",L4595129-1,"251223SPA1M00040024"
LOTMT0642,ABCC10509-01SA,A511170750R,"251223SPA1M00170009",K7BD0229-2,"251121SPA1M00030002"
LOTMT0286,ABCC10417-01,A511110850R,"251202SPA1M00020004","31G0FB52-3","241021SPA1M00130041"
LOTMT1229,ABCC10509-01SA,A601060750R,"260128SPA1M00080006",L5800229-2,"260124SPA1M00050038"
LOTMT1177,ABCC10509-01SA,A511170750R,"251223SPA1M00170009",K7BD0129-1,"251121SPA1M00050026"
LOTMT1327,ABCC10417-01,A601060750R,"260128SPA1M00080007","31HE3751-2","250718SPA1M00070040"
LOTMT2384,ABCC10427-01,A511110850R,"251202SPA1M00020004",M55B0229-1,"260128SPA1M00030002"
LOTMT2097,ABCC10703-01,A512010750R,"260109SPA1M00010008",JF1E5229-2,"251106SPA1M00040017"
LOTMT1773,ABCC10509-01SA,A512010750R,"260109SPA1M00010008",K7900229-2,"251121SPA1M00260014"
LOTMT0976,ABCC10509-01SA,A511170750,"",K78D0229-3K,""
